﻿﻿﻿﻿ID,OLT,Hora,F/S/P,ONT ID,MAC,CLIENTE,S/N,RX (dBm),TX (dBm),Status,Primária,Secundária,Porta Sec.,Descrição OLT,Mudanças
204087,98,2025-07-09 13:14:20.391767,0/3/7,22,04:33:89:3B:3A:93,,48575443B739F39D,-22.67,2.19,online,A1A311,A1A311-S6,P1,A1A311S6 P1,Não
210593,94,2025-07-09 13:27:13.604015,0/0/5,66,04:33:89:7F:F0:10,,48575443B68A329D,-16.38,2.18,online,1A22,1A22-S8,P11,1A22S8 P11,Não
211194,98,2025-07-09 13:28:12.083770,0/1/9,48,04:B0:E7:09:2B:28,,48575443ED089A5F,-22.75,2.22,online,A1A28,A1A28-S4,P3,A1A28S4 P3,Não
207184,91,2025-07-09 13:21:47.951900,0/1/4,4,08:4F:0A:46:9F:AB,,48575443053ABA93,-17.1,2.33,online,1A42,1A42-S4,P1,1A42S4 P1,Não
208439,97,2025-07-09 13:23:37.867730,0/0/6,13,08:4F:0A:C0:4D:4D,,485754432C89749F,-21.42,2.03,online,R2A57,R2A57-S1,P15,R2A57S1 P15,Não
5405,95,2025-06-06 15:56:39.008238,0/0/10,42,08:C0:21:32:C7:40,,4857544332C73F73,-20.04,2.17,online,A7F110,A7F110-S1,15,A7F110S1 P15,Não
197183,99,2025-07-09 13:03:05.323858,0/2/0,9,08:C0:21:8A:74:09,,485754432B603B9B,-21.67,2.21,online,2A17,2A17-S1,P1,2A17S1 P1,Não
207454,96,2025-07-09 13:22:08.655544,0/1/2,25,0C:41:E9:41:EA:DF,,48575443D316C89B,-22.07,2.13,online,C1A69,C1A69-S7,P4,C1A69S7 P4,Não
205305,99,2025-07-09 13:18:24.706080,0/0/3,19,0C:41:E9:55:7E:C5,,48575443D46EBF9B,-21.74,2.17,online,6A328,6A328-S4,P5,6A328S4 P5,Sim
199933,99,2025-07-09 13:07:54.474564,0/2/6,86,0C:41:E9:AE:2E:B9,,48575443DCAA5A9B,-19.91,2.33,online,1A330,1A330-S1,P14,1A330S1 P14,Não
199791,91,2025-07-09 13:07:43.506674,0/3/14,7,0C:41:E9:AE:88:4D,,485754431A42BD3C,-20.81,2.2,online,3A98,3A98-S7,P2,3A98S7 P2,Não
200656,99,2025-07-09 13:08:56.260835,0/2/11,24,0C:41:E9:EC:4C:8D,,48575443E33CCE9B,-18.5,2.05,online,1B439,1B439-S7,P12,1B439S7 P12,Não
210470,97,2025-07-09 13:27:00.755973,0/0/10,15,0C:C6:CC:AB:57:68,,48575443999C989B,-18.6,2.1,online,R1A31,R1A31-S5,P11,R1A31S5 P11,Não
204217,98,2025-07-09 13:14:37.028147,0/3/8,33,0C:C6:CC:CD:7D:7B,,485754439CFFB79B,-23.28,2.33,online,A1A312,A1A312-S5,P10,A1A312S5 P10,Não
197441,97,2025-07-09 13:03:30.830359,0/1/1,4,10:C1:72:E1:37:AC,,48575443AE4FF59C,-16.29,2.22,online,R1A26,R1A26-S4,P2,R1A26S4 P2,Não
204474,94,2025-07-09 13:15:14.571526,0/0/12,0,10:C3:AB:F8:AA:23,,48575443098C67A4,-23.1,2.13,online,23725,,,23725,Não
203949,94,2025-07-09 13:14:03.586080,0/0/11,11,14:09:DC:09:C2:4B,,4857544309C24A9C,-21.02,2.27,online,N1A33,N1A33-S2,P1,N1A33S2 P1,Não
205626,99,2025-07-09 13:19:01.838103,0/0/3,45,14:09:DC:7D:73:DF,,485754437D73DE9C,-23.76,1.91,online,6A328,6A328-S5,P12,6A328S5 P12,Não
202409,91,2025-07-09 13:11:31.709647,0/5/6,14,14:30:04:61:8C:84,,485754431A5DE23C,-19.91,2.05,online,3A99,3A99-S8,P3,3A99S8 P3,Não
208099,95,2025-07-09 13:23:06.248165,0/0/4,9,14:30:04:8F:49:A3,,485754438828919A,-19.1,1.91,online,A6D25,A6D25-S1,P4,A6D25S1 P4,Não
197196,99,2025-07-09 13:03:06.501650,0/1/12,89,18:7C:AA:7F:59:F0,,48575443AA7F59ED,-23.28,2.18,online,3A224,3A224-S4,P8,3A224S4 P8,Não
207959,99,2025-07-09 13:22:52.565401,0/1/0,12,18:7C:AA:7F:5F:EA,,48575443AA7F5FE7,-22.67,2.25,online,6A438,6A438-S7,P16,6A438S7 P16,Não
204228,98,2025-07-09 13:14:38.239370,0/3/9,21,18:7C:AA:7F:60:FA,,48575443AA7F60F7,-27.69,2.32,online,A1A39,A1A39-S1,P7,A1A39S1 P7,Não
198029,97,2025-07-09 13:04:36.777321,0/1/0,67,18:7C:AA:7F:61:4F,,48575443AA7F614C,-18.12,2.17,online,1a25,1a25-S1,P6,1a25s1 P6,Não
209499,91,2025-07-09 13:25:22.813106,0/1/12,19,18:7C:AA:7F:62:92,,48575443AA7F628F,-19.46,2.21,online,3A92,3A92-S3,P4,3A92S3 P4,Não
210589,98,2025-07-09 13:27:13.314317,0/1/8,74,18:7C:AA:7F:66:D2,,48575443AA7F66CF,-24.68,2.29,online,1A2258A,,P2,1A2258A  P2,Não
201160,98,2025-07-09 13:09:43.173076,0/1/14,47,18:7C:AA:7F:68:37,,48575443AA7F6834,-23.28,2.26,online,1A211,1A211-S3,P2,1A211S3 P2,Não
204921,96,2025-07-09 13:17:19.519725,0/0/11,14,18:7C:AA:7F:6D:65,,48575443AA7F6D62,-22.67,2.3,online,C1A811,C1A811-S1,P12,C1A811S1 P12,Não
196864,99,2025-07-09 13:02:34.480100,0/1/15,8,18:7C:AA:7F:6E:75,,48575443AA7F6E72,-17.05,2.32,online,2A13,2A13-S7,P5,2A13S7 P5,Não
203877,98,2025-07-09 13:13:55.527919,0/3/8,6,18:7C:AA:7F:6E:86,,48575443AA7F6E83,-24.09,2.22,online,A1A312,A1A312-S5,P1,A1A312S5 P1,Não
203648,98,2025-07-09 13:13:32.149149,0/3/1,26,18:7C:AA:7F:80:C9,,48575443AA7F80C6,-20.86,2.19,online,1A31,1A31-S3,P4,1A31S3 P4,Não
206625,98,2025-07-09 13:20:59.586100,0/0/1,1,18:7C:AA:7F:83:E8,,48575443AA7F83E5,-25.68,2.19,online,A1A11,A1A11-S7-A,P3,A1A11S7-A P3,Não
209104,98,2025-07-09 13:24:47.919177,0/0/15,64,18:DE:D7:0D:C4:6E,,485754430DC46D8A,-25.85,1.94,online,A1A29,A1A29-S5,P7,A1A29S5 P7,Não
209803,98,2025-07-09 13:25:49.835002,0/1/8,22,18:DE:D7:99:F0:D9,,4857544399F0D88A,-24.2,1.99,online,A1A22,A1A22-S7,P15,A1A22S7 P15,Não
209713,99,2025-07-09 13:25:42.737151,0/1/1,87,1C:20:DB:BA:4E:0C,,485754437F57C49F,-18.32,2.09,online,3A17,3A17-S7,P11,3A17S7 P11,Não
207954,97,2025-07-09 13:22:52.352839,0/0/0,89,1C:20:DB:BA:5D:B1,,485754437F59819F,-17.72,2.2,online,R2A51,R2A51-S7,P16,R2A51S7 P16,Não
207725,98,2025-07-09 13:22:33.314191,0/0/9,29,20:28:3E:89:95:7C,,48575443FEE5DD9D,-22.75,2.29,online,A1A52,A1A52-S6-A,P4,A1A52S6-A P4,Não
200058,98,2025-07-09 13:08:05.416308,0/1/11,21,20:3D:B2:D0:9A:07,,48575443D09A0681,-25.37,2.02,online,A1A23,A1A23-S6,P8,A1A23S6 P8,Não
203175,97,2025-07-09 13:12:41.815151,0/1/15,20,24:16:6D:D2:EE:17,,4857544321C04F9E,-18.18,1.97,online,2A712,2A712-S6,P12,2A712S6 P12,Não
208826,98,2025-07-09 13:24:16.735072,0/0/15,43,28:41:C6:68:46:C4,,485754433F8EFB9E,-24.56,2.44,online,A1A29,A1A29-S5,P8,A1A29S5 P8,Não
196113,97,2025-07-09 13:01:22.008994,0/0/12,81,28:41:C6:68:49:0D,,485754433F8F289E,-16.65,2.16,online,R1A21,R1A21-S1,P2,R1A21S1 P2,Não
196805,97,2025-07-09 13:02:28.111435,0/0/12,125,28:DE:E5:12:8D:A1,,48575443B42F46A3,-17.72,2.25,online,1A21S8 Pt 7,,,1A21S8 Pt 7,Não
199822,91,2025-07-09 13:07:46.501850,0/3/12,15,28:DE:E5:12:90:F3,,48575443B42F78A3,-18.09,2.2,online,3A94,3A94-S4,P10,3A94S4 P10,Não
206502,97,2025-07-09 13:20:48.782333,0/0/1,21,2C:9D:1E:80:18:DD,,485754438018DC7F,-17.67,2.28,online,,,,ONT_NO_DESCRIPTION,Não
208488,95,2025-07-09 13:23:42.070785,0/0/11,1,2C:9D:1E:CC:CE:DC,,48575443CCCEDB7F,-17.67,2.0,online,A7F67,A7F67-S6,P2,A7F67S6 P2,Não
209765,97,2025-07-09 13:25:46.802913,0/0/5,87,30:FD:65:3A:C7:B8,,4857544351737FA2,-19.13,2.3,online,2A56,2A56-S5,P7,2A56S5 P7,Não
209342,99,2025-07-09 13:25:07.664115,0/1/1,61,34:6A:C2:3A:CA:E0,,485754433ACADF7B,-18.82,2.2,online,3A17,3A17-S5,P11,3A17S5 P11,Não
205441,99,2025-07-09 13:18:42.202543,0/0/3,31,34:6A:C2:4B:E5:5D,,485754434BE55C9F,-23.56,2.01,online,6A328,6A328-S6-A,P1,6A328S6-A P1,Não
208437,95,2025-07-09 13:23:37.770138,0/0/9,15,34:6A:C2:85:A8:DC,,485754432ABCED9D,-25.85,2.42,online,A7F25,A7F25-S6,P11,A7F25S6 P11,Não
202553,91,2025-07-09 13:11:43.768007,0/5/11,10,34:A2:A2:AC:8C:C5,,48575443FEA9F09D,-23.46,2.19,online,4A115,4A115-S1,P6,4A115S1 P6,Não
193634,97,2025-07-09 12:57:53.871154,0/0/8,77,38:BC:01:59:C9:C9,,48575443BAF1CA3C,-18.29,2.23,online,R1A37,R1A37-S2,P8,R1A37S2 P8,Não
210118,98,2025-07-09 13:26:21.859916,0/1/7,49,38:BC:01:8F:7A:45,,485754438F7A449A,-24.68,2.15,online,A1A26,A1A26-S2,P5,A1A26S2 P5,Não
210269,97,2025-07-09 13:26:37.968805,0/0/9,11,38:BC:01:A6:77:24,,48575443A677239A,-16.67,2.21,online,R1A38,R1A38-S5,P2,R1A38S5 P2,Não
204174,98,2025-07-09 13:14:31.625765,0/3/9,17,38:BC:01:D6:D7:53,,48575443D6D7529A,-23.98,2.34,online,A1A39,A1A39-S6,P10,A1A39S6 P10,Não
201741,98,2025-07-09 13:10:35.157821,0/1/14,89,38:BC:01:F6:AE:76,,48575443F6AE759A,-22.75,2.0,online,A1A211,A1A211-S2,P15,A1A211S2 P15,Não
209169,95,2025-07-09 13:24:53.899300,0/1/6,1,38:EB:47:E0:43:89,,48575443DB530EA3,-17.28,2.23,online,AF73,AF73-S2,P16,AF73S2 P16,Não
209600,97,2025-07-09 13:25:32.409356,0/0/6,80,3C:15:FB:10:83:18,,4857544392695B9C,-19.74,1.99,online,R2A57,R2A57-S3,P5,R2A57S3 P5,Não
195766,99,2025-07-09 13:00:52.387829,0/1/10,28,3C:15:FB:13:4D:E4,,4857544392A0579C,-19.54,2.36,online,1C888,1C888-S4,P7,1C888S4 P7,Não
197174,97,2025-07-09 13:03:04.497750,0/0/15,42,3C:15:FB:9A:B8:A9,,485754439D0C3E9C,-18.89,2.3,online,1A24,1A24-S7,P12,1A24S7 P12,Não
209424,89,2025-07-09 13:25:15.016800,0/1/4,0,40:EE:DD:38:80:A8,,48575443404BC69D,-20.13,2.19,online,1A17,1A17-S2,P1,1A17S2 P1,Não
206904,99,2025-07-09 13:21:24.462825,0/0/5,26,40:EE:DD:44:DE:2B,,48575443413CDF9D,-20.81,2.17,online,1A11,1A11-S6,P5,1A11S6 P5,Não
203424,96,2025-07-09 13:13:08.076462,0/0/1,86,40:EE:DD:8F:8D:D5,,485754434660C29D,-21.87,2.1,online,1A56,1A56-S6,P6,1A56S6 P6,Não
207904,91,2025-07-09 13:22:47.281074,0/1/7,14,40:EE:DD:CA:F8:51,,4857544349DD3F9D,-16.36,2.18,online,4A1110,4A1110-S3,P3,4A1110S3 P3,Não
207180,99,2025-07-09 13:21:47.893744,0/0/7,22,40:EE:DD:EA:EA:6A,,485754434DD2469D,-25.37,2.01,online,3A222,3A222-S2,P14,3A222S2 P14,Não
208052,95,2025-07-09 13:23:01.393106,0/0/5,6,40:EE:DD:EF:00:9C,,485754434E22C09D,-20.75,2.01,online,7F11,7F11-S8,P7,7F11S8 P7,Não
209624,91,2025-07-09 13:25:34.655533,0/1/15,14,48:43:5A:5B:A8:37,,485754432B43449B,-18.5,2.33,online,2A66,2A66-S4,P4,2A66S4 P4,Não
209428,98,2025-07-09 13:25:15.628025,0/1/7,11,48:43:5A:5E:A0:75,,48575443ACA6F73B,-23.87,2.3,online,A1A26,A1A26-S5,P5,A1A26S5 P5,Não
209064,99,2025-07-09 13:24:43.014693,0/1/2,19,48:43:5A:CC:58:4F,,4857544364EE683C,-19.62,2.28,online,1A325,1A325-S2,P5,1A325S2 P5,Não
201744,99,2025-07-09 13:10:35.663574,0/2/15,25,48:43:5A:F1:26:E2,,485754438D3C032F,-15.98,1.95,online,1A42,1A42-S8,P3,1A42S8 P3,Não
209285,94,2025-07-09 13:25:02.897933,0/0/2,77,48:8E:EF:E8:9D:77,,4857544366CD979B,-19.35,2.07,online,1A19,1A19-S7,P9,1A19S7 P9,Não
210744,98,2025-07-09 13:27:28.868005,0/1/10,9,48:D5:39:A7:61:61,,48575443A7616082,-23.98,1.92,online,A1A27,A1A27-S6,P13,A1A27S6 P13,Não
210483,95,2025-07-09 13:27:02.296314,0/2/8,3,48:F8:DB:EA:B0:8D,,4857544350620C9A,-22.59,2.14,online,A7F51,A7F51-S7,P1,A7F51S7 P1,Não
207675,95,2025-07-09 13:22:29.729556,0/0/2,0,48:FD:8E:56:4D:A6,,48575443032A693A,-18.96,2.26,online,A6D23,A6D23-S4-B,P9,A6D23S4-B P9,Não
194554,97,2025-07-09 12:59:12.345184,0/0/9,116,4C:F9:5D:0C:37:35,,485754430C373486,-16.9,2.3,online,R1A38,R1A38-S6,P3,R1A38S6 P3,Não
11826,95,2025-06-17 14:21:20.639520,0/0/2,8,4C:F9:5D:C0:E5:47,,48575443C0E54686,-18.79,2.33,online,A6D23,A6D23-S5,P5,A6D23S5 P5,Não
211296,99,2025-07-09 13:28:21.134094,0/1/7,8,50:1D:93:9F:4F:B4,,485754437C95F29C,-26.77,1.9,online,Cx1C885s1 pt6,,,Cx1C885s1 pt6,Não
209736,95,2025-07-09 13:25:44.952025,0/1/12,3,50:1D:93:C1:FD:DF,,485754437F31C99C,-22.07,2.09,online,A7F65,A7F65-S8,P5,A7F65S8 P5,Não
197555,99,2025-07-09 13:03:40.429872,0/2/0,31,50:5D:AC:23:28:53,,485754435B798A9C,-21.8,1.94,online,2A17,2A17-S8,P2,2A17S8 P2,Não
196515,99,2025-07-09 13:02:00.063279,0/1/12,50,50:5D:AC:38:9A:C1,,485754435D039F9C,-18.32,2.2,online,3A224,3A224-S4,P4,3A224S4 P4,Não
204545,96,2025-07-09 13:15:26.698675,0/0/6,44,50:6F:77:5C:90:77,,48575443C5FCA69B,-20.97,2.19,online,1A59,1A59-S1,P12,1A59S1 P12,Não
208733,95,2025-07-09 13:24:06.889921,0/0/12,14,50:6F:77:C4:33:A5,,48575443CDCB979B,-22.92,2.29,online,A7F24,A7F24-S8-B,P15,A7F24S8-B P15,Sim
209877,95,2025-07-09 13:25:56.859667,0/1/8,23,50:6F:77:C5:1C:A1,,48575443CDDD839B,-25.53,2.22,online,A7F112,A7F112-S7,P14,A7F112S7 P14,Não
204318,98,2025-07-09 13:14:49.000756,0/3/8,40,54:F6:E2:6C:0B:11,,48575443FA8461AE,-25.68,2.22,online,A1A312,A1A312-S2,P8,A1A312S2 P8,Não
201252,98,2025-07-09 13:09:51.039392,0/2/0,13,54:F6:E2:6C:0E:95,,48575443FA84BBAE,-26.77,2.32,online,A1A68,A1A68-S8,P9,A1A68S8 P9,Não
210438,98,2025-07-09 13:26:57.393618,0/1/4,103,54:F6:E2:6C:15:89,,48575443FA856DAE,-22.75,2.23,online,1A210,1A210-S8,P1,1A210S8 P1,Não
207444,98,2025-07-09 13:22:07.880130,0/0/9,9,54:F6:E2:6C:19:C1,,48575443FA85D9AE,-23.76,2.35,online,1A52,1A52-S4,P2,1A52S4 P2,Não
200849,99,2025-07-09 13:09:14.019725,0/2/11,36,54:F6:E2:6C:7B:87,,48575443FA8FA0AE,-22.75,2.26,online,1B439S1 pt 4,,,1B439S1 pt 4,Não
201114,98,2025-07-09 13:09:38.601823,0/1/14,45,54:F6:E2:6C:80:4B,,48575443FA901AAE,-23.01,2.33,online,1A211,1A211-S2,P8,1A211S2 P8,Não
198972,97,2025-07-09 13:06:26.667301,0/1/4,7,54:F6:E2:E2:E9:57,,48575443023E3EAF,-23.28,2.2,online,R2A61,R2A61-S8,P1,R2A61S8 P1,Não
197178,99,2025-07-09 13:03:04.788682,0/1/12,88,54:F6:E2:E2:EE:7F,,48575443023EC2AF,-17.21,2.21,online,3A224,3A224-S5,P8,3A224S5 P8,Não
203117,96,2025-07-09 13:12:35.457862,0/0/2,64,54:F6:E2:E3:15:99,,485754430242ABAF,-18.04,2.23,online,C1A66,C1A66-S3,P1,C1A66S3 P1,Não
209738,90,2025-07-09 13:25:44.971006,0/0/14,0,54:F6:E2:E3:31:19,,4857544302456BAF,-21.19,2.35,online,1A34,1A34-S6,P1,1A34S6 P1,Não
209978,98,2025-07-09 13:26:06.072912,0/1/7,40,58:60:5F:DC:FB:5D,,48575443A84CB19D,-24.43,2.24,online,A1A26,A1A26-S2,P16,A1A26S2 P16,Não
207667,95,2025-07-09 13:22:29.045667,0/0/0,1,58:F9:87:32:CD:D3,,48575443471BE19C,-21.13,2.0,online,A6D21,A6D21-S6,P4,A6D21S6 P4,Sim
203861,98,2025-07-09 13:13:54.299810,0/3/6,11,58:F9:87:88:E7:8F,,485754431A7F3C3C,-23.28,2.24,online,A1A310,A1A310-S6,P1,A1A310S6 P1,Não
200720,98,2025-07-09 13:09:02.386649,0/1/14,21,5C:54:6D:49:72:C9,,485754433C052C9B,-23.66,2.21,online,1a211,1a211-S7,P1,1a211s7 P1,Não
202153,98,2025-07-09 13:11:11.099201,0/2/6,4,5C:54:6D:4B:B2:90,,485754433C698F9B,-25.23,2.19,online,A2A91,A2A91-S6,P2,A2A91S6 P2,Não
209623,98,2025-07-09 13:25:34.613244,0/1/6,28,5C:E7:47:C7:5A:37,,48575443A65490AB,-24.2,2.31,online,A1A21,A1A21-S2,P8,A1A21S2 P8,Não
205080,96,2025-07-09 13:17:55.506768,0/0/8,106,60:2E:20:1E:C4:9C,,485754430ADE8C9B,-16.88,2.07,online,C1A57,C1A57-S8,P11,C1A57S8 P11,Não
197471,97,2025-07-09 13:03:33.606068,0/0/14,103,60:2E:20:75:18:7F,,4857544312DA6F9B,-19.87,1.99,online,R1A23,R1A23-S5,P16,R1A23S5 P16,Não
196030,97,2025-07-09 13:01:14.646345,0/0/13,51,60:2E:20:75:28:98,,4857544312DBAC9B,-16.63,2.3,online,,,,ONT_NO_DESCRIPTION,Não
202636,96,2025-07-09 13:11:51.292370,0/0/2,39,60:9B:B4:A1:5F:E7,,485754437C0647AF,-17.12,2.08,online,C1A66,C1A66-S4,P6,C1A66S4 P6,Não
208324,97,2025-07-09 13:23:26.517373,0/0/5,10,60:9B:B4:A1:64:FB,,485754437C06C9AF,-18.35,2.38,online,2A56,2A56-S1,P11,2A56S1 P11,Não
210715,94,2025-07-09 13:27:26.114709,0/0/4,71,60:9B:B4:A1:7A:9F,,485754437C08F3AF,-21.42,2.1,online,N1A21,N1A21-S3,P4,N1A21S3 P4,Não
211005,94,2025-07-09 13:27:53.813696,0/0/9,2,60:9B:B4:A1:94:21,,485754437C0B80AF,-18.89,2.26,online,N1A31,N1A31-S7,P2,N1A31S7 P2,Não
204813,95,2025-07-09 13:16:54.741146,0/3/12,1,60:9B:B4:A1:98:3B,,485754437C0BE9AF,-21.67,1.96,online,8F911,8F911-S3,P1,8F911S3 P1,Não
209652,91,2025-07-09 13:25:37.516156,0/2/0,10,64:13:AB:8C:E1:9C,,48575443F6CFDFAB,-18.21,2.23,online,3A910,3A910-S1,P2,3A910S1 P2,Não
209581,91,2025-07-09 13:25:30.652862,0/2/0,8,68:CC:6E:2E:9B:42,,48575443577E5C9A,-18.6,1.97,online,3A910,3A910-S7,P4,3A910S7 P4,Não
196615,99,2025-07-09 13:02:09.551846,0/1/12,55,68:CC:6E:97:A7:AC,,485754436066699A,-17.54,2.19,online,3A224,3A224-S8,P8,3A224S8 P8,Não
208035,98,2025-07-09 13:22:59.897204,0/0/13,20,70:79:90:1F:1F:CB,,485754431F1FCA8D,-21.19,2.0,online,A1A65,A1A65-S1,P9,A1A65S1 P9,Não
208368,97,2025-07-09 13:23:30.619293,0/0/6,9,70:79:90:1F:2C:7D,,485754431F2C7C8D,-22.67,1.91,online,R2A57,R2A57-S8,P3,R2A57S8 P3,Não
194963,97,2025-07-09 12:59:45.028540,0/0/12,22,70:79:90:B3:CD:C5,,48575443B3CDC18D,-16.86,2.31,online,R1A21,R1A21-S4,P2,R1A21S4 P2,Não
208547,95,2025-07-09 13:23:47.501898,0/0/12,3,70:C7:F2:12:8F:DF,,485754434B37319E,-23.1,2.24,online,A7F24,A7F24-S8-B,P9,A7F24S8-B P9,Não
194907,99,2025-07-09 12:59:40.697190,0/1/8,29,70:C7:F2:2A:50:F9,,485754434BE0E09E,-19.13,2.19,online,1C886,1C886-S7,P8,1C886S7 P8,Não
203569,96,2025-07-09 13:13:24.167059,0/0/0,91,78:58:60:F4:83:7E,,48575443FE2F039B,-18.73,2.06,online,C1A712,C1A712-S6,P11,C1A712S6 P11,Não
209944,98,2025-07-09 13:26:02.543813,0/1/7,38,7C:C3:85:21:EF:20,,4857544321EF1F9E,-24.09,1.98,online,A1A26,A1A26-S6,P9,A1A26S6  P9,Não
210219,91,2025-07-09 13:26:32.431374,0/2/8,0,7C:C3:85:26:16:BA,,485754432616B99E,-16.27,1.96,online,1A31,1A31-S7,P1,1A31S7 P1,Não
206264,92,2025-07-09 13:20:22.233400,0/1/5,2,7C:C3:85:2F:D9:85,,485754432FD9849E,-21.74,2.09,online,U2A445,U2A445-S2,P2,U2A445S2 P2,Não
206909,99,2025-07-09 13:21:25.461166,0/0/4,65,7C:C3:85:33:38:77,,485754433338769E,-21.55,2.09,online,6A437,6A437-S2,P7,6A437S2 P7,Não
196053,99,2025-07-09 13:01:16.907039,0/1/9,62,7C:C3:85:4C:7D:F3,,485754434C7DF29E,-18.07,2.35,online,1C887,1C887-S5,P16,1C887S5 P16,Não
201856,98,2025-07-09 13:10:46.481292,0/2/3,3,7C:C3:85:50:CF:94,,485754430A406C9E,-23.98,2.31,online,A1A43,A1A43-S1,P2,A1A43S1 P2,Não
202287,98,2025-07-09 13:11:21.904851,0/2/4,25,7C:C3:85:50:D0:82,,485754430A407A9E,-21.94,2.18,online,A1A45,A1A45-S3,P1,A1A45S3 P1,Não
203370,98,2025-07-09 13:13:01.761551,0/3/2,8,7C:C3:85:52:BF:E6,,485754430A5D9E9E,-26.38,2.17,online,A1A32,A1A32-S8,P3,A1A32S8 P3,Não
209246,91,2025-07-09 13:24:59.951900,0/1/15,6,7C:C3:85:58:94:20,,4857544358941F9E,-18.15,2.12,online,2A66,2A66-S8,P2,2A66S8 P2,Não
199759,99,2025-07-09 13:07:40.656217,0/2/6,73,7C:C3:85:71:54:DB,,485754437154DA9E,-19.54,2.42,online,1A330,1A330-S3,P8,1A330S3 P8,Não
202348,97,2025-07-09 13:11:27.003195,0/1/11,29,7C:C3:85:89:D1:EB,,4857544389D1EA9E,-17.47,2.13,online,R2A77,R2A77-S6,P1,R2A77S6 P1,Não
209715,94,2025-07-09 13:25:42.782285,0/0/4,33,7C:C3:85:8D:E9:CC,,485754438DE9EB9E,-21.36,2.45,online,N1A21,N1A21-S1,P12,N1A21S1 P12,Não
202354,97,2025-07-09 13:11:27.616012,0/1/12,23,7C:C3:85:98:7A:6C,,48575443987A6B9E,-18.63,2.47,online,,,,ONT_NO_DESCRIPTION,Não
210079,98,2025-07-09 13:26:17.499450,0/1/4,79,7C:C3:85:9B:A9:19,,485754439BA9189E,-22.84,2.27,online,A1A210,A1A210-S5,P4,A1A210S5 P4,Não
204960,96,2025-07-09 13:17:29.201910,0/0/11,23,7C:C3:85:9E:65:14,,485754439E65139E,-18.41,2.26,online,C1A811,C1A811-S5,P8,C1A811S5 P8,Não
211045,94,2025-07-09 13:27:57.023193,0/0/8,9,7C:C3:85:B6:FE:CE,,48575443B6FECD9E,-21.87,2.28,online,N1A25,N1A25-S1,P3,N1A25S1 P3,Não
210373,99,2025-07-09 13:26:49.931914,0/1/6,0,7C:C3:85:C5:48:EA,,48575443C548E99E,-21.25,2.15,online,3A223,3A223-S2,P14,3A223S2 P14,Não
209000,98,2025-07-09 13:24:35.444141,0/1/2,49,7C:C3:85:CF:4F:EC,,4857544313966A9E,-20.6,2.36,online,A1A41,A1A41-S8,P6,A1A41S8 P6,Não
200639,98,2025-07-09 13:08:54.436534,0/1/11,63,7C:C3:85:D6:BD:F3,,485754431432FC9E,-29.58,2.04,online,A1A23,A1A23-S2,P15,A1A23S2 P15,Não
205981,93,2025-07-09 13:19:47.260223,0/0/3,42,7C:C3:85:E6:11:57,,48575443E611569E,-17.1,2.0,online,V1A219,V1A219-S5,P4,V1A219S5 P4,Não
207557,93,2025-07-09 13:22:18.761598,0/0/14,7,7C:C3:85:F2:5C:3F,,48575443F25C3E9E,-16.51,2.19,online,PEIXE,,,PEIXE,Não
210964,97,2025-07-09 13:27:49.617592,0/0/10,41,7C:C3:85:F6:2E:BD,,48575443F62EBC9E,-17.47,2.22,online,R1A31,R1A31-S3,P9,R1A31S3 P9,Não
203642,91,2025-07-09 13:13:31.717278,0/7/8,0,7C:C3:85:FB:9B:6D,,48575443FB9B6C9E,-18.18,2.07,online,1A48,1A48-S1,P1,1A48S1 P1,Não
209494,95,2025-07-09 13:25:22.430146,0/1/8,0,7C:D9:A0:52:52:C5,,485754438D5C4FA4,-25.23,2.24,online,A7F112,A7F112-S7,P2,A7F112S7 P2,Não
210843,98,2025-07-09 13:27:38.228169,0/1/6,109,80:41:26:33:39:51,,48575443D146948B,-23.37,2.21,online,1A21,1A21-S4,P16,1A21S4 P16,Não
201285,99,2025-07-09 13:09:53.435897,0/2/15,2,80:41:26:B1:B1:07,,485754438BB9FF9B,-20.17,2.25,online,1A16,1A16-S3,P15,1A16S3 P15,Não
207794,95,2025-07-09 13:22:37.865066,0/0/0,10,80:41:26:D1:2C:96,,485754438F29209B,-19.39,1.9,online,AD21,AD21-S7,P4,AD21S7 P4,Não
201812,99,2025-07-09 13:10:42.567584,0/3/1,8,80:41:26:D2:C0:F5,,4857544398EB334D,-20.22,1.96,online,3A11,3A11-S5,P3,3A11S5 P3,Não
210646,98,2025-07-09 13:27:19.511034,0/1/8,77,80:69:33:4D:B0:CD,,48575443EF9CB39D,-24.09,2.17,online,1A22,1A22-S6,P4,1A22S6 P4,Não
208358,98,2025-07-09 13:23:29.747377,0/0/15,17,80:69:33:4F:3B:79,,48575443EFBB0F9D,-23.76,2.2,online,A1A29,A1A29-S5,P6,A1A29S5 P6,Não
206940,96,2025-07-09 13:21:27.840487,0/1/1,11,80:B5:75:8F:B5:B7,,48575443C21BCF9C,-20.7,2.24,online,1A89,1A89-S5,P1,1A89S5 P1,Não
209122,99,2025-07-09 13:24:49.808481,0/1/1,49,80:D4:A5:2E:61:06,,485754432E610490,-18.44,1.94,online,3A17,3A17-S5,P9,3A17S5 P9,Não
205199,99,2025-07-09 13:18:12.984260,0/0/0,13,80:D4:A5:5D:54:86,,48575443D7D7123C,-20.81,2.07,online,1A12,1A12-S7,P12,1A12S7 P12,Não
198020,97,2025-07-09 13:04:35.374571,0/0/15,98,80:D4:A5:78:C4:6F,,48575443FB92F16F,-19.66,2.05,online,R1A24,R1A24-S2,P15,R1A24S2 P15,Não
201920,98,2025-07-09 13:10:52.328113,0/2/3,7,80:D4:A5:A5:E0:F4,,48575443A5E0F390,-25.08,1.93,online,A1A43,A1A43-S7,P2,A1A43S7 P2,Não
197052,97,2025-07-09 13:02:53.547706,0/0/13,109,88:3F:D3:2C:BB:BD,,485754432CBBBC8B,-19.87,2.32,online,R1A22,R1A22-S1,P9,R1A22S1 P9,Não
201227,97,2025-07-09 13:09:48.997606,0/1/10,21,88:66:39:5E:0D:B2,,485754435E0DAF9B,-17.74,1.85,online,1A29,1A29-S2,P5,1A29S2 P5,Não
202702,98,2025-07-09 13:11:56.540215,0/2/12,0,88:66:39:86:D7:76,,4857544386D77595,-23.18,2.06,online,A1A49,A1A49-S4,P7,A1A49S4 P7,Não
211339,98,2025-07-09 13:28:25.388623,0/1/12,17,88:66:39:86:E0:32,,4857544386E03195,-24.81,2.03,online,1A24,1A24-S2,P3,1A24S2 P3,Não
208232,99,2025-07-09 13:23:19.276627,0/0/7,76,88:66:39:A8:D2:A0,,48575443A8D29F95,-22.44,2.22,online,3A222,3A222-S6,P9,3A222S6 P9,Não
202978,98,2025-07-09 13:12:21.416983,0/2/12,18,88:66:39:A9:1C:F7,,48575443A91CF695,-24.31,1.91,online,A1A49,A1A49-S6,P5,A1A49S6 P5,Não
194214,97,2025-07-09 12:58:42.476522,0/0/8,116,8C:68:3A:3D:4C:80,,48575443DFCD20A3,-26.77,2.22,online,R1A37,R1A37-S7,P11,R1A37S7 P11,Não
198477,97,2025-07-09 13:05:30.279254,0/1/0,101,98:35:ED:07:DB:3F,,485754432659769E,-22.75,2.06,online,R1A25,R1A25-S7,P14,R1A25S7 P14,Não
210507,99,2025-07-09 13:27:04.833399,0/1/4,62,98:35:ED:07:DC:0F,,485754432659869E,-20.97,1.98,online,6A439,6A439-S1,P11,6A439S1 P11,Não
208071,95,2025-07-09 13:23:03.079164,0/0/5,7,98:35:ED:08:95:E0,,485754432667D19E,-20.31,2.21,online,7F11,7F11-S8,P2,7F11S8 P2,Não
199196,99,2025-07-09 13:06:46.801187,0/2/8,19,98:35:ED:08:EC:4C,,48575443266E779E,-20.45,2.27,online,3A12,3A12-S1,P1,3A12S1 P1,Não
210262,98,2025-07-09 13:26:37.561244,0/1/7,59,98:35:ED:0A:6E:E7,,48575443268C349E,-23.76,2.21,online,A1A26,A1A26-S6,P5,A1A26S6 P5,Não
201069,98,2025-07-09 13:09:34.669777,0/1/14,43,98:35:ED:0C:30:03,,4857544326AEC09E,-24.95,1.97,online,1A211,1A211-S4,P10,1A211S4 P10,Não
208864,95,2025-07-09 13:24:20.889720,0/0/15,5,98:35:ED:18:6F:62,,48575443276A6A9E,-20.91,1.94,online,A7F61,A7F61-S7,P1,A7F61S7 P1,Não
209983,99,2025-07-09 13:26:06.952440,0/1/4,21,98:35:ED:18:81:B7,,48575443276BD39E,-18.73,2.26,online,6A439,6A439-S4,P8,6A439S4 P8,Não
200317,91,2025-07-09 13:08:27.685803,0/3/15,15,98:35:ED:1B:09:06,,48575443279D9E9E,-21.19,1.96,online,3A96,3A96-S2,P8,3A96S2 P8,Não
210126,98,2025-07-09 13:26:22.648305,0/1/4,82,98:35:ED:1F:3D:91,,4857544327E2339E,-28.54,2.04,online,A1A210,A1A210-S4,P2,A1A210S4 P2,Não
196787,97,2025-07-09 13:02:25.931586,0/0/13,95,98:35:ED:8C:F1:7C,,485754432E792A9E,-16.07,2.16,online,R1A22,R1A22-S7,P10,R1A22S7 P10,Não
207081,96,2025-07-09 13:21:39.148661,0/0/14,90,9C:7D:A3:6D:C6:C0,,485754432A22799D,-20.04,2.1,online,C1A47,C1A47-S6,P3,C1A47S6 P3,Sim
203793,98,2025-07-09 13:13:46.689023,0/3/6,7,9C:7D:A3:94:26:DB,,485754439426DA87,-22.67,2.13,online,A1A310,A1A310-S8,P2,A1A310S8 P2,Não
202161,99,2025-07-09 13:11:11.610236,0/2/15,48,A0:08:6F:29:05:3E,,485754435074CB9B,-24.95,1.91,online,1A16,1A16-S1,P6,1A16S1 P6,Não
199123,91,2025-07-09 13:06:40.596953,0/3/7,16,A0:08:6F:82:CA:BC,,485754431AA9AC3C,-19.06,1.99,online,3A95,3A95-S1,P4,3A95S1 P4,Não
209809,99,2025-07-09 13:25:50.566293,0/1/2,63,A0:08:6F:D7:A4:52,,48575443B0B3319A,-19.1,2.14,online,1A325,1A325-S6,P13,1A325S6 P13,Não
210604,94,2025-07-09 13:27:14.391768,0/0/4,67,A0:8C:F8:49:CB:60,,4857544304397C8A,-21.42,2.01,online,1A21,1A21-S6,P14,1A21S6 P14,Não
210139,98,2025-07-09 13:26:24.183351,0/1/6,64,A0:8C:F8:4A:73:9D,,485754434A739C93,-26.99,2.25,online,A1A21,A1A21-S3,P9,A1A21S3 P9,Não
211321,99,2025-07-09 13:28:23.472531,0/1/5,76,A0:8C:F8:4C:69:62,,485754434C696193,-19.03,1.86,online,6A440,6A440-S1,P4,6A440S1 P4,Não
203403,98,2025-07-09 13:13:05.466987,0/3/1,10,A0:8C:F8:4C:7C:13,,485754434C7C1193,-26.57,2.01,online,1a31,1a31-S6,P9,1a31s6 P9,Não
41348,98,2025-07-07 17:12:02.643214,0/0/1,5,A0:8C:F8:4C:7C:C9,,485754434C7CC793,-21.48,1.89,online,A1A11,A1A11-S7,P3,A1A11S7 P3,Não
207902,97,2025-07-09 13:22:47.265933,0/0/3,93,A0:A3:3B:23:2A:39,,4857544301CA4C9D,-16.71,1.98,online,2A54,2A54-S7,P15,2A54S7 P15,Não
198290,99,2025-07-09 13:05:05.891902,0/2/1,48,A4:BE:2B:36:08:95,,48575443E0E57B9C,-18.44,2.43,online,3A326,3A326-S2,P8,3A326S2 P8,Não
206140,99,2025-07-09 13:20:09.000378,0/0/0,90,A4:BE:2B:48:9C:6D,,48575443E326F89C,-22.92,2.1,online,1A12,1A12-S7,P14,1A12S7 P14,Não
203682,97,2025-07-09 13:13:35.205290,0/2/2,36,A4:BE:2B:DA:BE:59,,48575443EF6F189C,-21.19,2.26,online,R1A310,R1A310-S4,P2,R1A310S4 P2,Não
204353,96,2025-07-09 13:14:54.620340,0/0/5,32,A4:BE:2B:DB:B4:BD,,48575443EF820C9C,-23.18,1.95,online,C2A95,C2A95-S8,P12,C2A95S8 P12,Não
201125,97,2025-07-09 13:09:39.624747,0/1/8,35,A4:BE:2B:E3:14:54,,48575443F0133F9C,-17.42,1.98,online,16295,,,16295,Não
198691,97,2025-07-09 13:05:55.268989,0/1/0,115,A4:C6:4F:2D:D7:9B,,485754432AE8419D,-18.29,2.03,online,1A25,1A25-S3,P7,1A25S3 P7,Não
208755,95,2025-07-09 13:24:09.032479,0/0/10,27,AC:75:1D:89:3F:17,,485754437E0F759D,-22.36,1.91,online,AF110,AF110-S1,P16,AF110S1 P16,Não
209878,95,2025-07-09 13:25:56.869006,0/1/14,4,AC:75:1D:89:64:B8,,485754437E125A9D,-27.44,1.86,online,A8F83,A8F83-S5,P1,A8F83S5 P1,Não
206697,98,2025-07-09 13:21:05.930821,0/0/2,7,AC:75:1D:A7:1C:01,,485754437F1BD99D,-24.95,2.13,online,1A12,1A12-S8,P8,1A12S8 P8,Não
209794,98,2025-07-09 13:25:49.114989,0/1/6,39,AC:F9:70:29:54:28,,48575443A254619B,-23.18,2.13,online,A1A21,A1A21-S5,P9,A1A21S5 P9,Não
208840,98,2025-07-09 13:24:18.267363,0/1/4,3,AC:F9:70:54:03:D3,,48575443A672019B,-25.53,2.18,online,A1A210,A1A210-S3,P11,A1A210S3 P11,Não
211050,95,2025-07-09 13:27:57.907512,0/3/6,2,B4:09:31:4A:66:58,,485754432E37AF30,-22.52,2.08,online,AF94,AF94-S1,P3,AF94S1 P3,Sim
206767,99,2025-07-09 13:21:12.245073,0/0/4,54,B4:43:26:05:9A:0E,,48575443F1FE489C,-20.75,2.16,online,6A437,6A437-S4,P14,6A437S4 P14,Não
208266,96,2025-07-09 13:23:21.927311,0/2/0,6,B4:43:26:91:AC:4B,,48575443FB4E2F9C,-12.27,2.21,online,1A42,1A42-S2,P7,1A42S2 P7,Não
200705,98,2025-07-09 13:09:01.114448,0/1/11,68,B4:43:26:F0:85:84,,4857544336ECAB8B,-24.31,2.04,online,A1A23,A1A23-S2,P1,A1A23S2 P1,Não
210504,95,2025-07-09 13:27:04.272584,0/2/8,4,B4:6E:08:B8:BA:EE,,"4,857544315324E+104",-25.23,2.26,online,A7F51,A7F51-S2,P1,A7F51S2 P1,Não
209446,98,2025-07-09 13:25:17.548321,0/1/8,0,B4:FB:F9:9D:BE:D1,,48575443B9FF3D9B,-25.68,2.43,online,A1A22,A1A22-S5,P11,A1A22S5 P11,Não
14439,95,2025-06-20 16:07:30.101896,0/0/4,2,B4:FB:F9:9E:30:AB,,48575443BA07FF9B,-25.37,2.27,online,A6D25,A6D25-S1,P1,A6D25S1 P1,Não
209745,90,2025-07-09 13:25:45.110743,0/0/12,2,BC:3F:8F:BB:50:35,,485754437293529A,-20.5,2.08,online,1a28,1a28-S3,P1,1a28s3 P1,Sim
200961,99,2025-07-09 13:09:23.917293,0/2/12,9,C0:BF:C0:5C:A3:C7,,48575443030E9C9A,-18.12,2.25,online,6A327,6A327-S1,P6,6A327S1 P6,Não
200288,97,2025-07-09 13:08:25.116184,0/1/3,104,C4:44:7D:CA:47:82,,485754433961B8A2,-17.57,1.87,online,1a28,1a28-S2,P7,1a28s2 P7,Não
211143,92,2025-07-09 13:28:07.327466,0/0/4,0,C4:B8:B4:40:6D:58,,485754435251FF9D,-18.38,1.9,online,U1A420,U1A420-S2,P1,U1A420S2 P1,Não
201611,97,2025-07-09 13:10:22.482096,0/1/9,46,C8:1F:BE:3F:C9:AE,,485754433FC9AD80,-16.25,2.13,online,2417,,,2417,Não
207456,98,2025-07-09 13:22:08.863604,0/0/7,16,C8:8D:83:43:1F:91,,48575443431F9084,-22.07,1.94,online,A1A61,A1A61-S2,P5,A1A61S2 P5,Não
12106,95,2025-06-17 14:30:40.979413,0/0/0,3,C8:8D:83:63:4C:DD,,48575443634CDC9A,-20.97,2.29,online,A6D21,A6D21-S6,P4,A6D21S6 P4,Não
210657,98,2025-07-09 13:27:20.274867,0/1/6,97,C8:8D:83:6A:E7:5F,,485754436AE75E9A,-24.95,2.3,online,1A21,1A21-S2,P4,1A21S2 P4,Não
206596,98,2025-07-09 13:20:57.644261,0/0/1,0,CC:64:A6:7F:16:50,,485754430558C893,-21.42,2.37,online,A1A11,A1A11-S5,P5,A1A11S5 P5,Não
200663,98,2025-07-09 13:08:56.953674,0/1/13,26,CC:BB:FE:6C:85:20,,48575443E4D67D9D,-23.1,2.29,online,A1A25,A1A25-S1,P1,A1A25S1 P1,Não
206594,98,2025-07-09 13:20:57.384506,0/0/3,0,CC:BB:FE:6D:C7:00,,48575443E4F11E9D,-20.17,2.2,online,1A13,1A13-S3,P10,1A13S3 P10,Não
210235,98,2025-07-09 13:26:34.253569,0/1/7,57,CC:BB:FE:6D:C8:E1,,48575443E4F1439D,-23.18,2.26,online,A1A26,A1A26-S2,P15,A1A26S2 P15,Não
198549,99,2025-07-09 13:05:38.253242,0/2/2,67,CC:BB:FE:73:CD:B5,,48575443E566B49D,-17.49,2.3,online,6A326,6A326-S5,P10,6A326S5 P10,Não
202617,91,2025-07-09 13:11:49.396017,0/5/13,2,CC:BB:FE:75:FE:6F,,48575443E591D69D,-20.04,2.33,online,2A77,2A77-S2,P2,2A77S2 P2,Não
208671,98,2025-07-09 13:23:59.635982,0/1/2,10,CC:BB:FE:8B:38:FC,,48575443E76AAD9D,-20.6,2.31,online,A1A41,A1A41-S12,P7,A1A41S12 P7,Não
207889,98,2025-07-09 13:22:46.065951,0/0/12,19,CC:BB:FE:EA:31:FF,,48575443ECBF0F9D,-19.74,2.23,online,A1A64,A1A64-S2,P5,A1A64S2 P5,Não
199162,91,2025-07-09 13:06:43.586052,0/3/9,7,D0:EF:C1:68:82:EF,,485754433376BD9D,-22.14,2.44,online,2a61s8b,,P9,2a61s8b P9,Não
208817,99,2025-07-09 13:24:15.689363,0/1/1,28,D0:EF:C1:68:84:82,,485754433376DC9D,-18.27,2.1,online,3A17,3A17-S4,P6,3A17S4 P6,Não
210529,91,2025-07-09 13:27:06.757375,0/2/11,2,D0:EF:C1:6A:7D:12,,48575443339DAC9D,-22.36,1.93,online,2A87,2A87-S1,P2,2A87S1 P2,Não
203211,97,2025-07-09 13:12:46.003280,0/1/15,22,D0:EF:C1:CA:55:B2,,485754433A3B0B9D,-18.21,2.13,online,R2A712,R2A712-S4,P2,R2A712S4 P2,Não
203276,97,2025-07-09 13:12:52.629806,0/2/0,23,D4:B1:10:3C:AE:0E,,48575443054A1A93,-20.36,2.22,online,2A711,2A711-S8,P7,2A711S8 P7,Não
203336,98,2025-07-09 13:12:58.326828,0/3/2,6,DC:21:E2:06:F7:D6,,4857544387D6EAA3,-26.19,2.23,online,A1A32,A1A32-S3,P4,A1A32S3 P4,Não
210865,94,2025-07-09 13:27:40.278340,0/0/8,2,DC:99:14:49:72:D3,,48575443082B889D,-20.31,2.02,online,N1A25,N1A25-S2,P3,N1A25S2 P3,Não
205553,96,2025-07-09 13:18:53.688550,0/0/11,73,DC:99:14:49:E0:03,,485754430833EE9D,-19.7,2.04,online,C1A811,C1A811-S7,P3,C1A811S7 P3,Não
208444,91,2025-07-09 13:23:38.321649,0/1/8,16,E8:68:19:72:B1:CB,,485754431A47993C,-17.69,2.05,online,2A55,2A55-S4,P6,2A55S4  P6,Não
208928,97,2025-07-09 13:24:27.542339,0/0/7,36,E8:AB:F3:68:7E:10,,48575443CF53129C,-21.55,1.87,online,R2A58,R2A58-S5,P7,R2A58S5 p7,Não
201936,97,2025-07-09 13:10:53.374276,0/1/12,3,E8:AB:F3:85:A3:B5,,4857544382F80A9C,-18.21,1.96,online,2A78,2A78-S8,P9,2A78S8 P9,Não
199341,99,2025-07-09 13:07:01.517400,0/2/7,40,F0:2F:A7:0C:1E:6D,,485754430C1E6C88,-26.99,2.21,online,1A13,1A13-S2,P14,1A13S2 P14,Não
202176,98,2025-07-09 13:11:13.033213,0/2/4,15,F0:2F:A7:17:C8:C8,,48575443589E843B,-24.68,2.02,online,A1A45,A1A45-S3,P9,A1A45S3 P9,Não
198331,99,2025-07-09 13:05:11.147016,0/2/3,40,F0:2F:A7:B5:83:56,,48575443B5835588,-19.62,2.27,online,5A15,5A15-S5,P7,5A15S5 P7,Não
204801,96,2025-07-09 13:16:49.089596,0/0/9,20,F0:2F:A7:B5:9E:8E,,48575443B59E8D88,-18.89,2.15,online,1A58,1A58-S6,P6,1A58S6 P6,Não
195914,99,2025-07-09 13:01:03.890701,0/1/9,48,F0:63:F9:48:2C:20,,48575443CA59529D,-20.04,2.17,online,1C887,1C887-S8,P13,1C887S8 P13,Não
210982,98,2025-07-09 13:27:51.684077,0/1/9,34,F4:E5:F2:D5:19:16,,48575443E08D9CA1,-22.52,2.18,online,A1A28,A1A28-S1,P9,A1A28S1 P9,Não
209536,95,2025-07-09 13:25:26.148791,0/1/8,2,F4:E5:F2:D5:1C:CE,,48575443E08DD4A1,-22.67,2.27,online,A7F112,A7F112-S4,P2,A7F112S4 P2,Não
203787,98,2025-07-09 13:13:45.953586,0/3/7,1,F8:6E:EE:2B:E1:F1,,4857544317A5799B,-22.22,2.0,online,A1A311,A1A311-S8,P7,A1A311S8 P7,Não
208938,98,2025-07-09 13:24:28.905859,0/1/5,4,F8:6E:EE:4E:2F:3A,,48575443886DE28B,-20.08,2.15,online,A2B61,A2B61-S2,P6,A2B61S2 P6,Não
202437,91,2025-07-09 13:11:34.248862,0/5/12,1,F8:75:88:8D:AC:43,,4857544323559D9A,-19.66,2.4,online,2A81,2A81-S3,P1,2A81S3 P1,Não
204815,96,2025-07-09 13:16:55.027473,0/0/10,17,F8:98:EF:D7:D3:77,,48575443282F7F9C,-17.85,2.03,online,,,,ONT_NO_DESCRIPTION,Não
207783,98,2025-07-09 13:22:37.020034,0/0/11,10,FC:1B:D1:66:D0:13,,485754437D9362A3,-20.36,2.0,online,A1A66,A1A66-S2,P1,A1A66S2 P1,Não
201663,98,2025-07-09 13:10:27.870170,0/2/1,10,FC:1B:D1:67:0E:7F,,485754437D9710A3,-22.14,2.21,online,A1A69,A1A69-S7,P2,A1A69S7 P2,Não
209220,98,2025-07-09 13:24:57.648692,0/1/6,7,FC:1B:D1:CC:D4:DB,,48575443A2AA2DA3,-22.67,2.21,online,A1A21,A1A21-S8,P13,A1A21S8 P13,Não
